condition	W	p.value
M_60_79	0.935305947792156	3.64777992348867e-42
F_60_79	0.92641684397698	3.45021576210796e-44
M_50_59	0.932382083681746	7.4577481278928e-43
F_20_39	0.906050890539509	3.63687092683903e-48
F_50_59	0.923131371637228	6.9162617013271e-45
M_20_39	0.917246124880674	4.44823550588411e-46
M_40_49	0.916492192454729	3.16643302715862e-46
F_40_49	0.914970083353681	1.60633439598637e-46
