condition	W	p.value
M_60_79	0.758835525583569	3.5477646982489e-65
M_50_59	0.749164095985688	6.06662742427117e-66
F_60_79	0.763704010186361	8.83005348949265e-65
M_20_39	0.756816280368969	2.44168907849059e-65
F_50_59	0.747411505287381	4.43247545933542e-66
M_40_49	0.747649284390566	4.62478546938542e-66
F_40_49	0.752856013673433	1.18231690224618e-65
F_20_39	0.763971101301338	9.28726946123989e-65
