condition	W	p.value
F_60_79	0.762069920103044	6.49053700731797e-65
M_60_79	0.765950436485465	1.35214513578577e-64
M_50_59	0.767426065238671	1.79227526302835e-64
F_20_39	0.768610992105154	2.24984780230912e-64
M_20_39	0.765071217256512	1.14397149660848e-64
M_40_49	0.765703457149218	1.29004204905565e-64
F_50_59	0.763522989284532	8.53327595397247e-65
F_40_49	0.770065185746671	2.97802081871121e-64
