condition	W	p.value
F_60_79	0.907575393421982	6.80098585345544e-48
M_60_79	0.891825864378546	1.53103460558758e-50
M_50_59	0.906868456339185	5.08228762016618e-48
F_20_39	0.900326959829697	3.72698006252552e-49
M_20_39	0.898148461097371	1.61089025944765e-49
M_40_49	0.90064119309474	4.21156162234704e-49
F_50_59	0.905460567928105	2.8604594687177e-48
F_40_49	0.895944038993052	6.99705511353958e-50
