condition	W	p.value
M_60_79	0.924687089422906	1.46988019576217e-44
M_50_59	0.927697051354368	6.55681120026234e-44
F_60_79	0.923349143723494	7.68026577855298e-45
M_20_39	0.916809282238838	3.65192783134318e-46
F_50_59	0.909913124372803	1.80577077370057e-47
M_40_49	0.921362771266496	2.9795504813261e-45
F_40_49	0.919499571926905	1.24753291615176e-45
F_20_39	0.92244584314755	4.98090567173025e-45
