condition	W	p.value
M_60_79	0.747940355942421	4.87181706303465e-66
F_60_79	0.746368994310457	3.6808569723439e-66
M_50_59	0.74040479275002	1.2871074485833e-66
F_20_39	0.756140633960746	2.15601053056651e-65
F_50_59	0.748138919218495	5.04801367008222e-66
M_20_39	0.745384886077852	3.09050866564074e-66
M_40_49	0.753916334757017	1.43429581480138e-65
F_40_49	0.763871352461902	9.11375829948286e-65
